{"cameraMode":{"drawMode":0,"name":"Shaded","section":"Shading Mode"},"sceneLighting":false,"audioPlay":false,"sceneViewState":{"m_AlwaysRefresh":false,"showFog":true,"showSkybox":false,"showFlares":true,"showImageEffects":true,"showParticleSystems":true,"showVisualEffectGraphs":true,"m_FxEnabled":false},"in2DMode":false,"pivot":{"x":-0.38351327180862429,"y":2.7738850116729738,"z":-1.714282512664795},"rotation":{"x":0.29402756690979006,"y":-0.047293491661548617,"z":0.014567946083843708,"w":0.9545405507087708},"size":0.08660249412059784,"orthographic":false}